{"stats":{"minecraft:mined":{"minecraft:short_grass":5,"minecraft:fern":7},"minecraft:custom":{"minecraft:jump":132,"minecraft:time_since_rest":821,"minecraft:deaths":1,"minecraft:crouch_one_cm":108,"minecraft:leave_game":2,"minecraft:play_time":6995,"minecraft:sprint_one_cm":28663,"minecraft:damage_taken":370,"minecraft:time_since_death":782,"minecraft:walk_one_cm":3920,"minecraft:sneak_time":36,"minecraft:total_world_time":6995,"minecraft:fly_one_cm":32086,"minecraft:fall_one_cm":10819}},"DataVersion":3953}